VERSA Hospitality (eski Universal Resorts)	— (web sitesindeki form)	—	39 Orchid Magu, Malé	https://www.versahospitality.com/
Villa Hotels & Resorts (Villa Group)	hello@villaresorts.com; sales@villaresorts.com	+960 334 4777	Villa House, Kandi Dhonmanik Goalhi, Malé 20181	https://villaresorts.com/contact/
Crown & Champa Resorts	info@crownandchamparesorts.com	+960 664 0219	Champa Building 3. kat, Kandi Dhon Manik Goalhi, Malé 20187	https://www.crownandchamparesorts.com/inquire-now.html
Atmosphere Core	info@atmospherecore.com	+960 330 0668	Boduthakurufaanu Magu, Malé 20094	https://www.atmospherecore.com/contact-us
Sun Siyam Resorts	sales@sunsiyam.com; book@sunsiyam.com	+960 332 5977	Sun Siyam Building, Boduthakurufaanu Magu, Malé 20066	https://prelive.sunsiyam.com/contact/
Pulse Hotels & Resorts (Kandima)	KeepinTouch@pulseresorts.com	+65 6838 9123 (Singapur)	Kaneeru Villa 4. kat, Orchid Magu, Malé 20212	https://kandima.com/en/explore/contact
Aitken Spence – Adaaran Group (Malé ofisi)	inquiries.mv@adaaran.com.mv	+960 664 0375	H. Thuniya 6. kat, Boduthakurufaanu Magu, Malé 20026	https://www.aitkenspencehotels.com/contact-us.html
Cinnamon Hotels – John Keells Maldivian Resorts	sales.mv@cinnamonhotels.com	+960 333 6000	H. Maizan Building 2. kat, Sosun Magu, Malé 20252	https://www.maldivesyp.com/company/547/Cinnamon_Dhonveli_Maldives
CROSSROADS Maldives (Singha Estate)	sales@crossroadsmaldives.com	+960 665 1200	South Malé Atoll, P.O. Box 2097	https://crossroadsmaldives.com/contact-us/
Kuredu Holdings (Crown & Champa ortağı; Kuredu, Komandoo vb.)	— (Crown & Champa üzerinden)	—	M. Champa Building 4. kat, Kandi Dhon Manik Goalhi, Malé 20187	https://business.egov.mv/BusinessRegistry/ViewDetails/39070?key=-577025120
Aydeniz Grubu (Ayada Maldives sahibi – TÜRK)	info@aydeniz.com	+90 312 212 6612	Ayten Sok. No:9 Tandoğan 06580 Ankara	http://www.aydeniz.com/contact.htm
Minor Hotels – Anantara Maldivler	reservations.maldives@anantara.com	+960 664 4123	39 Orchid Magu, Malé (VERSA ile aynı adres – mülk sahipliği bağlantısı doğrulanmalı)	https://www.minorhotels.com/en/reservations-offices
Gürok Grubu (JOALI sahibi – TÜRK)	info@gurok.com	+90 274 225 06 60	İnköy Mah. Eskişehir Karayolu Blv. No:96, Kütahya	https://gurok.com/iletisim
Astaş Holding (TÜRK – Maldivler projesi)	info@astas-holding.com	+90 212 215 20 20	Büyükdere Cad. No:127 Astoria Kuleleri B Blok K:25, Esentepe, İstanbul	https://www.astas-holding.com/tr/iletisim
Maxx Royal Resorts (TÜRK – Maldivler 2027)	contact@maxxroyal.com	+90 252 311 01 50	Bodrum ofisi	https://www.maxxroyal.com/contact
