Kuramathi Maldives	info@kuramathi.com	+960 666 0527	Arama sonucu (otel bilgisi); 'Niva Kuramathi' adıyla yeni marka/site görünüyor (nivakuramathi.com) – doğrulanmalı	https://www.nivakuramathi.com/contact/
Anantara Dhigu / Veli / Naladhu	dhigumaldives@anantara.com	+960 664 4100	Otelin kendi sitesi (iletişim sayfası)	https://www.anantara.com/en/dhigu-maldives/contact
Atmosphere Kanifushi	reservations@atmosphere-kanifushi.com	+960 662 0066	Otelin kendi sitesi; genel adres sayfada gizlenmiş	https://atmosphere-kanifushi.com/en/contact-us
Canareef Resort Maldives	info@canareef.com	+960 689 6677	Otelin kendi sitesi	https://canareef.com/contact-us/
Club Med Kani	—	+960 664 3152	E-posta sayfada gizlenmiş; Club Med merkezi üzerinden	https://www.hotelcontact.net/club-med-kani-maldives-north-male-en.html
Holiday Inn Resort Kandooma	reservations.hikandooma@ihg.com	+960 664 0511	Otelin kendi sitesi	https://maldives.holidayinnresorts.com/contact-us/
Kandima Maldives	mykindofplace@kandima.com; reservations@kandima.com	+960 676 0077	Otel rehberi / arama sonucu	https://www.maldivesyp.com/company/638/Kandima_Maldives
Kuredu Island Resort	—	+960 662 0337	Otelin kendi sitesi; e-posta sayfada gizlenmiş. NOT: Crown & Champa sitesinde listeleniyor	https://www.kuredu.com/contact-us/
LUX* South Ari Atoll	stay@luxmaldivesresort.com	+960 668 0901	Otelin kendi sitesi	https://www.luxresorts.com/en/maldives/resort/luxsouthariatoll/contact-us
One&Only Reethi Rah	reservations@oneandonlyreethirah.com (düşük güven)	+960 664 8800	Üçüncü taraf site – doğrulanmalı	https://www.travelweekly.com/Hotels/Male-Maldives/OneOnly-Reethi-Rah-p58629322
Waldorf Astoria Ithaafushi	MLEON.hotel@waldorfastoria.com	+960 400 0300	Otelin kendi sitesi	https://www.waldorfastoriamaldives.com/contact/
Adaaran Select Hudhuranfushi	res.hrf@adaaran.com.mv	+960 664 0375	Otelin kendi sitesi (iletişim sayfası)	https://www.adaaran.com/selecthudhuranfushi/contact-us/
Adaaran Club Rannalhi	res.acr@adaaran.com.mv	+960 664 2688	Otelin kendi sitesi (iletişim sayfası)	https://www.adaaran.com/clubrannalhi/contact-us/
Bandos Maldives	—	+960 664 0088	Otelin kendi sitesi; e-posta sayfada gizlenmiş	https://bandosmaldives.com/contact-us/
Centara Grand Island Resort	—	+960 668 8000	NOT: Yeni adı 'Machchafushi Island Resort & Spa, The Centara Collection'; e-posta sayfada gizlenmiş	https://www.centarahotelsresorts.com/centaragrand/cirm/contact/
Centara Ras Fushi	crf@chr.co.th	+960 664 3880	Otelin kendi sitesi	https://www.centarahotelsresorts.com/centara/CRF/contact
Cinnamon Dhonveli	dhonveli@cinnamonhotels.com; sales.mv@cinnamonhotels.com	+960 664 0055	Otel rehberi / otelin kendi sitesi	https://www.maldivesyp.com/company/547/Cinnamon_Dhonveli_Maldives
Conrad Maldives Rangali Island	mlehi.maldives@conradhotels.com	+960 668 0629	Otelin kendi sitesi	https://www.conradmaldives.com/contact/
Dhigali Maldives	—	+960 658 6060	NOT: 'Niva Dhigali' adıyla yeni marka/site; e-posta sayfada gizlenmiş	https://www.nivadhigali.com/contact/
Four Seasons Kuda Huraa	—	+960 664 4888	E-posta bulunamadı (Four Seasons merkezi formu)	https://www.forbestravelguide.com/hotels/maldives-maldives/four-seasons-resort-maldives-at-kuda-huraa
Four Seasons Landaa Giraavaru	reservations.maldives@fourseasons.com	+960 660 0888	Arama sonucu (Four Seasons Maldivler ortak adresi)	https://www.fourseasons.com/maldiveslg/
Hard Rock Hotel Maldives	info@hrhmaldives.com	+960 665 1400	Otelin kendi sitesi	https://hotel.hardrock.com/maldives/contact.aspx
Heritance Aarah	res.aarah@heritancehotels.com	+960 664 1908	Otelin kendi sitesi	https://www.heritancehotels.com/aarah/contact-us/
Sun Island Resort & Spa	park@villaresorts.com; hello@villaresorts.com (Villa Resorts genel)	+960 668 0088	Otelin kendi sitesi. NOT: Yeni adı 'Villa Park' (eski Sun Island)	https://villaresorts.com/villa-park/contact/
Holiday Island Resort	hello@villaresorts.com (Villa Resorts genel)	—	Otelin kendine ait adresi bulunamadı; Villa Resorts merkezi	https://villaresorts.com/contact/
Hurawalhi Island Resort	reservations@hurawalhi.com	+960 662 2000	Otelin kendi sitesi	https://www.hurawalhi.com/contact/
Kurumba Maldives	—	+960 664 2324	Otelin kendi sitesi; e-postalar sayfada gizlenmiş	https://www.kurumba.com/contact
Meeru Maldives Resort Island	reservations@meeru.com	+960 664 3157	Otelin kendi sitesi	https://www.meeru.com/one-island-one-resort-contact-us/
OZEN LIFE Maadhoo	—	+960 400 2222	Otelin kendi sitesi; e-posta sayfada gizlenmiş	https://www.theozencollection.com/ozenlife-maadhoo/contact-us/
OZEN Reserve Bolifushi	—	+960 664 2020	Otelin kendi sitesi; e-posta sayfada gizlenmiş	https://theozencollection.com/bolifushi/en/contact-us
Robinson Maldives	maldives@robinson.com	+960 682 0000	Otelin kendi sitesi / arama sonucu	https://www.robinson.com/en/en/resort-holiday/maldives/maldives/club-details/
Royal Island Resort	hello@villaresorts.com; sales@villaresorts.com	+960 660 0088	Otelin kendi sitesi (Villa Resorts)	https://villaresorts.com/royal-island/contact/
SAii Lagoon Maldives	rsvn.lagoon@saiihotels.com	+960 665 1300	Otelin kendi sitesi	https://www.saiihotels.com/lagoon-maldives/contact-us/
Shangri-La Villingili	—	+960 689 7888	Otelin kendi sitesi; e-posta sayfada gizlenmiş	https://www.shangri-la.com/male/villingiliresort/about/local-guide/explore-male/quick-facts/
Sheraton Maldives Full Moon	sheraton.maldives@sheraton.com	+960 664 2010	Otel rehberi / arama sonucu	https://www.hotelcontact.net/sheraton-maldives-full-moon-resort-spa-vihamanaafushi-en.html
Six Senses Laamu	reservations-laamu@sixsenses.com	+960 680 0800	Arama sonucu	https://wetu.com/iBrochure/en/Information/63679/six_senses_laamu/Contact
Sun Siyam Iru Fushi	info.irufushi@sunsiyam.com; book@sunsiyam.com (merkez)	+960 656 0591	Otelin kendi sitesi	https://www.sunsiyam.com/sun-siyam-iru-fushi/contact-us/
Sun Siyam Iru Veli	book@sunsiyam.com (merkez)	+960 676 0100	Otelin kendi sitesi; otele özel e-posta gizlenmiş	https://www.sunsiyam.com/sun-siyam-iru-veli/contact-us/
Taj Exotica Resort & Spa	exotica.maldives@tajhotels.com	+960 400 6000	Arama sonucu	https://visitmaldives.com/en/resorts/taj-exotica-resort-and-spa-maldives
Taj Coral Reef	tajcoralreef@tajhotels.com	+960 664 1948	Arama sonucu	https://www.maldivestourism.net/resorts/taj-coral-reef-resort/
VARU by Atmosphere	—	+960 400 0800	Otelin kendi sitesi; e-posta sayfada gizlenmiş	https://varu-atmosphere.com/en/contact-us
Velassaru Maldives	—	+960 665 6100	NOT: 'Niva Velassaru' adıyla yeni marka/site; e-posta gizlenmiş	https://www.nivavelassaru.com/contact/
Adaaran Prestige Vadoo	res.vadoo@adaaran.com.mv	+960 664 3976	Otelin kendi sitesi	https://www.adaaran.com/prestigevadoo/contact-us/
Anantara Kihavah	kihavahmaldives@anantara.com	+960 660 1020	Otelin kendi sitesi	https://www.anantara.com/en/kihavah-maldives/contact
Angsana Velavaru	reservations-velavaru@angsana.com	+960 676 0028	Arama sonucu	https://www.angsana.com/maldives/velavaru/travel-information
Baros Maldives	reservations@baros.com	+960 664 2672	Arama sonucu (otel sitesi)	https://barosthn.emarketingeye.net/contact-us
Cinnamon Hakuraa Huraa	info@cinnamonhotels.com (merkez); sales.mv@cinnamonhotels.com	+960 672 6000	Arama sonucu	https://www.cinnamonhotels.com/cinnamon-hakuraa-huraa-maldives
Cinnamon Velifushi	info@cinnamonhotels.com (merkez); sales.mv@cinnamonhotels.com	+94 112 161 161 (merkez)	Otele özel bilgi bulunamadı	https://www.cinnamonhotels.com/hotel-contact-information
Ellaidhoo Maldives by Cinnamon	info@cinnamonhotels.com (merkez); sales.mv@cinnamonhotels.com	+94 112 161 161 (merkez)	Otele özel bilgi bulunamadı	https://www.cinnamonhotels.com/hotel-contact-information
Paradise Island Resort	nautica@villaresorts.com; hello@villaresorts.com	+960 664 0011	Otelin kendi sitesi. NOT: Yeni adı 'Villa Nautica' (Villa Resorts)	https://villaresorts.com/villa-nautica/contact/
Club Med Finolhu Villas	contactus.asia@clubmed.com (bölge merkezi)	+960 664 4040	Club Med sitesi	https://www.clubmed.us/r/the-finolhu-villas/y
Dusit Thani Maldives	resmaldives@dusit.com	+960 660 8888	Otelin kendi sitesi	https://www.dusit.com/dusitthani-maldives/contact-us/
Embudu Village	sales@embuduvillage.com	+960 664 4776	Otelin kendi sitesi	https://www.embuduvillage.com/contact-us
Emerald Maldives Resort	reservations@emerald-maldives.com	+960 658 2100	Otelin kendi sitesi	https://www.emerald-maldives.com/
Faarufushi Maldives	reservations@emerald-faarufushi.com	+960 658 8000	NOT: Yeni adı 'Emerald Faarufushi Resort & Spa' (Emerald grubu) – işletmeci değişmiş	https://www.emerald-faarufushi.com/
Fun Island Resort	hello@villaresorts.com (Villa Resorts genel)	—	Otele özel bilgi bulunamadı	https://villaresorts.com/contact/
Gili Lankanfushi	mr.friday@gili-lankanfushi.com	+960 664 0304	Otelin kendi sitesi (genel misafir hattı)	https://gili-lankanfushi.com/contact-us/
Grand Park Kodhipparu	info@grandparkkodhipparu.com; rsvn.gpkd@parkhotelgroup.com	+960 665 1111	Arama sonucu	https://wetu.com/iBrochure/en/Information/141358/grand_park_kodhipparu/Contact
InterContinental Maamunagau	Intercontinental.Maldives@ihg.com	+960 658 0500	Otelin kendi sitesi	https://maldives.intercontinental.com/contact-form/
Kandolhu Maldives	info@kandolhu.com	+960 668 0790	Otelin kendi sitesi	https://www.kandolhu.com/contact.html
Komandoo Island Resort	reservations@komandoo.com	+960 662 1010	Otelin kendi sitesi	https://www.komandoo.com/contact/
Milaidhoo Maldives	welcome@milaidhoo.com	+960 660 7788	Otelin kendi sitesi (Universal Enterprises / VERSA)	https://www.milaidhoo.com/contact-us.html
RAH GILI MALDIVES	reservations@rahgili.com	+960 401 4001	Otelin kendi sitesi	https://rahgili.com/contact-us
Siyam World Maldives	book@sunsiyam.com (merkez)	+960 656 7777	Otelin kendi sitesi; otele özel e-posta gizlenmiş	https://www.sunsiyam.com/siyam-world/contact-us/
Sun Siyam Vilu Reef	info.vilureef@sunsiyam.com	+960 676 0011	Otelin kendi sitesi	https://www.sunsiyam.com/sun-siyam-vilu-reef/contact-us/
Vilamendhoo Island Resort	reservations@vilamendhoo.com	+960 668 0637	Otelin kendi sitesi	https://www.vilamendhoo.com/contact-us.html
Ayada Maldives	info@ayadamaldives.com	+960 684 4444; Türkiye: 444 6 200	Otelin kendi sitesi. TÜRK SAHİPLİ: Aydeniz Grubu (Ankara) – teyit edildi	https://www.ayadamaldives.com/contact
Biyadhoo Island Resort	biyadhoo@sunland.com.mv	+960 664 7171	Arama sonucu (Sunland grubu)	https://www.tripadvisor.com/ShowTopic-g298335-i9918-k6983585-How_to_contact_Biyadhoo_Island_Resort_in_Maldives-South_Male_Atoll.html
Reethi Beach Resort	reethi@nhcollection.com	+960 660 2626	NOT: Yeni adı 'NH Collection Maldives Reethi Resort' (Minor/NH)	https://www.hotelcontact.net/reethi-beach-resort-maldives-baa-en.html
Summer Island Maldives	reservations@summerislandmaldives.com	+960 664 1949	Otelin kendi sitesi	https://www.summerislandmaldives.com/contact-us
Malahini Kuda Bandos	reservations@malahini.mv	+960 664 4556	Otelin kendi sitesi (malahini.mv)	https://malahini.mv/
Sun Siyam Olhuveli	ecommerce.olhuveli@sunsiyam.com	+960 664 2788	Otelin kendi sitesi	https://www.sunsiyam.com/sun-siyam-olhuveli/contact-us/
Veligandu Maldives	—	+960 666 0519	Otelin kendi sitesi; e-posta gizlenmiş	https://veligandu.com/contact/
