2026-10-06	1. tur	Avi Technologies	EPC / tedarik ortağı	info@avitech.com.mv	Inverter and storage supply partner for your Maldives hybrid projects	Mail gönderildi	Yanıt yoksa nazik hatırlatma maili	2026-10-13	EPC-Ortak Adayları	Avi Technologies
2026-10-06	1. tur	Atoll Solar (Octopus Systems)	EPC / tedarik ortağı	hello@atollsolar.com	A second inverter and storage source for your resort projects	Mail gönderildi	Yanıt yoksa nazik hatırlatma maili	2026-10-13	EPC-Ortak Adayları	Atoll Solar (Octopus Systems)
2026-10-06	1. tur	Swimsol Maldives	EPC / tedarik ortağı	maldives@swimsol.com	Inverter and battery storage supply for your resort solar sites	Mail gönderildi	Yanıt yoksa nazik hatırlatma maili	2026-10-13	EPC-Ortak Adayları	Swimsol
2026-10-06	1. tur	Ecogreen Maldives	EPC / tedarik ortağı	contact@ecogreenmaldives.com	Inverter and storage supply for your projects across the atolls	Mail gönderildi	Yanıt yoksa nazik hatırlatma maili	2026-10-13	EPC-Ortak Adayları	Ecogreen Maldives
2026-10-06	1. tur	SunCore Energy	EPC / tedarik ortağı	info@suncore.mv	Storage and inverter supply for SunCore projects	Mail gönderildi	Yanıt yoksa nazik hatırlatma maili	2026-10-13	EPC-Ortak Adayları	SunCore Energy
2026-10-06	1. tur	Magnetron Maldives	EPC / tedarik ortağı	info@magnetronmaldives.com	Inverter and storage supply for your resort and island solar work	Mail gönderildi	Yanıt yoksa nazik hatırlatma maili	2026-10-13	EPC-Ortak Adayları	Magnetron Maldives
2026-10-06	1. tur	Hayleys Solar / Hayleys Fentons	EPC / tedarik ortağı	info@hayleyssolar.com	Huawei and HYXI inverter and storage supply for your Maldives projects	Mail gönderildi	Yanıt yoksa nazik hatırlatma maili	2026-10-13	EPC-Ortak Adayları	Hayleys Fentons / Hayleys Solar
2026-10-06	1. tur	Canopy Power	EPC / tedarik ortağı	contact@canopypower.com	Huawei and HYXI inverter and storage supply for island microgrids	Mail gönderildi	Yanıt yoksa nazik hatırlatma maili	2026-10-13	EPC-Ortak Adayları	Canopy Power
2026-10-06	1. tur	SINOSOAR (Maldivler ofisi var)	EPC / tedarik ortağı	marketing@sinosoarhybrid.com	Inverter and storage supply for your Maldives island projects	Mail gönderildi	Yanıt yoksa nazik hatırlatma maili	2026-10-13	EPC-Ortak Adayları	SINOSOAR
2026-10-06	1. tur	Aydeniz Grubu (Ayada Maldives sahibi)	Son kullanıcı (resort sahibi)	info@aydeniz.com	Ayada Maldives için dizel tüketimini azaltacak güneş + batarya önerisi	Mail gönderildi	Yanıt yoksa nazik hatırlatma maili	2026-10-13	İşletmeci Gruplar	Aydeniz Grubu (TÜRK – Ayada Maldives sahibi)
2026-10-06	2. tur	Villa Hotels & Resorts (Villa Group)	Son kullanıcı – grup merkezi	sales@villaresorts.com	Attn: Engineering – battery storage for Villa Park's existing solar	Mail gönderildi	Yanıt yoksa nazik hatırlatma maili	2026-10-13	İşletmeci Gruplar	Villa Hotels & Resorts (Villa Group)
2026-10-06	2. tur	Crown & Champa Resorts	Son kullanıcı – grup merkezi	info@crownandchamparesorts.com	Attn: Engineering – solar and storage for your next resorts after Veligandu	Mail gönderildi	Yanıt yoksa nazik hatırlatma maili	2026-10-13	İşletmeci Gruplar	Crown & Champa Resorts
2026-10-06	2. tur	Atmosphere Core	Son kullanıcı – grup merkezi	info@atmospherecore.com	Attn: Technical Services – battery storage for your resorts and Amaraa Faru	Mail gönderildi	Yanıt yoksa nazik hatırlatma maili	2026-10-13	İşletmeci Gruplar	Atmosphere Core
2026-10-06	2. tur	Sun Siyam Resorts	Son kullanıcı – grup merkezi	sales@sunsiyam.com	Attn: Engineering – next phase of your 2030 renewable target	Mail gönderildi	Yanıt yoksa nazik hatırlatma maili	2026-10-13	İşletmeci Gruplar	Sun Siyam Resorts
2026-10-06	2. tur	Adaaran / Aitken Spence (Malé ofisi)	Son kullanıcı – grup merkezi	inquiries.mv@adaaran.com.mv	Attn: Engineering – reducing diesel costs at your Maldives resorts	Mail gönderildi	Yanıt yoksa nazik hatırlatma maili	2026-10-13	İşletmeci Gruplar	Aitken Spence (Adaaran / Heritance)
2026-10-06	2. tur	Cinnamon Hotels – John Keells Maldivian Resorts	Son kullanıcı – grup merkezi	sales.mv@cinnamonhotels.com	Attn: Engineering – solar and storage for your Maldives resorts	Mail gönderildi	Yanıt yoksa nazik hatırlatma maili	2026-10-13	İşletmeci Gruplar	Cinnamon Hotels (John Keells)
2026-10-06	2. tur	CROSSROADS Maldives (Singha Estate)	Son kullanıcı – grup merkezi	sales@crossroadsmaldives.com	Attn: Engineering – solar and storage for the CROSSROADS islands	Mail gönderildi	Yanıt yoksa nazik hatırlatma maili	2026-10-13	İşletmeci Gruplar	CROSSROADS / Singha Estate
2026-10-06	2. tur	Kandima / Pulse Hotels & Resorts	Son kullanıcı – grup merkezi	KeepinTouch@pulseresorts.com	Attn: Engineering – solar and storage for Kandima Maldives	Mail gönderildi	Yanıt yoksa nazik hatırlatma maili	2026-10-13	İşletmeci Gruplar	Pulse Hotels & Resorts (Kandima)
2026-10-06	2. tur	Meeru Maldives Resort Island	Son kullanıcı – resort	reservations@meeru.com	Attn: Chief Engineer – solar and storage for Meeru	Mail gönderildi	Yanıt yoksa nazik hatırlatma maili	2026-10-13	Resortlar	Meeru Maldives Resort Island
2026-10-06	2. tur	Canareef Resort Maldives	Son kullanıcı – resort	info@canareef.com	Attn: Engineering – battery storage for your rooftop solar	Mail gönderildi	Yanıt yoksa nazik hatırlatma maili	2026-10-13	Resortlar	Canareef Resort Maldives
2026-10-06	3. tur	Niva Kuramathi (VERSA Hospitality)	Son kullanıcı – resort	info@kuramathi.com	Attn: Engineering – battery storage for Kuramathi's rooftop solar	Mail gönderildi	Yanıt yoksa nazik hatırlatma maili	2026-10-13	Resortlar	Kuramathi Maldives
2026-10-06	3. tur	Anantara Dhigu / Veli / Naladhu (Minor Hotels)	Son kullanıcı – resort	dhigumaldives@anantara.com	Attn: Engineering – solar and storage for Dhigu, Veli and Naladhu	Mail gönderildi	Yanıt yoksa nazik hatırlatma maili	2026-10-13	Resortlar	Anantara Dhigu / Veli / Naladhu
2026-10-06	3. tur	LUX* South Ari Atoll	Son kullanıcı – resort	stay@luxmaldivesresort.com	Attn: Engineering – battery storage for your floating solar	Mail gönderildi	Yanıt yoksa nazik hatırlatma maili	2026-10-13	Resortlar	LUX* South Ari Atoll
2026-10-06	3. tur	Taj Exotica & Taj Coral Reef (IHCL)	Son kullanıcı – resort	exotica.maldives@tajhotels.com	Attn: Director of Engineering – battery storage for your floating solar	Mail gönderildi	Yanıt yoksa nazik hatırlatma maili	2026-10-13	Resortlar	Taj Exotica Resort & Spa
2026-10-06	3. tur	Four Seasons Landaa Giraavaru & Kuda Huraa	Son kullanıcı – resort	reservations.maldives@fourseasons.com	Attn: Engineering – battery storage for your rooftop solar	Mail gönderildi	Yanıt yoksa nazik hatırlatma maili	2026-10-13	Resortlar	Four Seasons Landaa Giraavaru
2026-10-06	3. tur	Holiday Inn Resort Kandooma	Son kullanıcı – resort	reservations.hikandooma@ihg.com	Attn: Engineering – battery storage for Kandooma's solar programme	Mail gönderildi	Yanıt yoksa nazik hatırlatma maili	2026-10-13	Resortlar	Holiday Inn Resort Kandooma
2026-10-06	3. tur	Waldorf Astoria Maldives Ithaafushi	Son kullanıcı – resort	MLEON.hotel@waldorfastoria.com	Attn: Director of Engineering – battery storage for Ithaafushi	Mail gönderildi	Yanıt yoksa nazik hatırlatma maili	2026-10-13	Resortlar	Waldorf Astoria Ithaafushi
2026-10-06	3. tur	Conrad Maldives Rangali Island	Son kullanıcı – resort	mlehi.maldives@conradhotels.com	Attn: Director of Engineering – solar and storage for Rangali Island	Mail gönderildi	Yanıt yoksa nazik hatırlatma maili	2026-10-13	Resortlar	Conrad Maldives Rangali Island
2026-10-06	3. tur	Robinson Maldives	Son kullanıcı – resort	maldives@robinson.com	Attn: Chief Engineer – solar and storage for Robinson Maldives	Mail gönderildi	Yanıt yoksa nazik hatırlatma maili	2026-10-13	Resortlar	Robinson Maldives
2026-10-06	3. tur	Emerald Maldives & Emerald Faarufushi	Son kullanıcı – resort	reservations@emerald-maldives.com	Attn: Engineering – solar and storage for your Raa Atoll resorts	Mail gönderildi	Yanıt yoksa nazik hatırlatma maili	2026-10-13	Resortlar	Emerald Maldives Resort
2026-10-06	4. tur	Anantara Kihavah Maldives Villas	Son kullanıcı – resort	kihavahmaldives@anantara.com	Attn: Engineering – solar and storage for Anantara Kihavah	Mail gönderildi	Yanıt yoksa nazik hatırlatma maili	2026-10-13	Resortlar	Anantara Kihavah
2026-10-06	4. tur	Sheraton Maldives Full Moon	Son kullanıcı – resort	sheraton.maldives@sheraton.com	Attn: Engineering – solar and storage for Sheraton Maldives Full Moon	Mail gönderildi	Yanıt yoksa nazik hatırlatma maili	2026-10-13	Resortlar	Sheraton Maldives Full Moon
2026-10-06	4. tur	Six Senses Laamu	Son kullanıcı – resort	reservations-laamu@sixsenses.com	Attn: Engineering – solar and storage for Six Senses Laamu	Mail gönderildi	Yanıt yoksa nazik hatırlatma maili	2026-10-13	Resortlar	Six Senses Laamu
2026-10-06	4. tur	Six Senses Kanuhura	Son kullanıcı – resort	reservations-maldives@sixsenses.com	Attn: Engineering – solar and storage for Six Senses Kanuhura	Mail gönderildi	Yanıt yoksa nazik hatırlatma maili	2026-10-13	-	-
2026-10-06	4. tur	Dusit Thani Maldives	Son kullanıcı – resort	resmaldives@dusit.com	Attn: Engineering – solar and storage for Dusit Thani Maldives	Mail gönderildi	Yanıt yoksa nazik hatırlatma maili	2026-10-13	Resortlar	Dusit Thani Maldives
2026-10-06	4. tur	Grand Park Kodhipparu	Son kullanıcı – resort	info@grandparkkodhipparu.com	Attn: Engineering – solar and storage for Grand Park Kodhipparu	Mail gönderildi	Yanıt yoksa nazik hatırlatma maili	2026-10-13	Resortlar	Grand Park Kodhipparu
2026-10-06	4. tur	InterContinental Maldives Maamunagau	Son kullanıcı – resort	Intercontinental.Maldives@ihg.com	Attn: Engineering – solar and storage for InterContinental Maldives Maamunagau	Mail gönderildi	Yanıt yoksa nazik hatırlatma maili	2026-10-13	Resortlar	InterContinental Maamunagau
2026-10-06	4. tur	Summer Island Maldives	Son kullanıcı – resort	reservations@summerislandmaldives.com	Attn: Engineering – solar and storage for Summer Island Maldives	Mail gönderildi	Yanıt yoksa nazik hatırlatma maili	2026-10-13	Resortlar	Summer Island Maldives
2026-10-06	4. tur	Embudu Village	Son kullanıcı – resort	sales@embuduvillage.com	Attn: Engineering – solar and storage for Embudu Village	Mail gönderildi	Yanıt yoksa nazik hatırlatma maili	2026-10-13	Resortlar	Embudu Village
2026-10-06	4. tur	Biyadhoo Island Resort	Son kullanıcı – resort	biyadhoo@sunland.com.mv	Attn: Engineering – solar and storage for Biyadhoo Island Resort	Mail gönderildi	Yanıt yoksa nazik hatırlatma maili	2026-10-13	Resortlar	Biyadhoo Island Resort
2026-10-06	4. tur	Malahini Kuda Bandos	Son kullanıcı – resort	reservations@malahini.mv	Attn: Engineering – solar and storage for Malahini Kuda Bandos	Mail gönderildi	Yanıt yoksa nazik hatırlatma maili	2026-10-13	Resortlar	Malahini Kuda Bandos
2026-10-06	4. tur	NH Collection Maldives Reethi	Son kullanıcı – resort	reethi@nhcollection.com	Attn: Engineering – solar and storage for NH Collection Maldives Reethi	Mail gönderildi	Yanıt yoksa nazik hatırlatma maili	2026-10-13	Resortlar	Reethi Beach Resort
2026-10-06	4. tur	Gili Lankanfushi	Son kullanıcı – resort	mr.friday@gili-lankanfushi.com	Attn: Engineering – solar and storage for Gili Lankanfushi	Mail gönderildi	Yanıt yoksa nazik hatırlatma maili	2026-10-13	Resortlar	Gili Lankanfushi
2026-10-06	4. tur	Baros Maldives (VERSA)	Son kullanıcı – resort	reservations@baros.com	Attn: Engineering – solar and storage for Baros Maldives	Mail gönderildi	Yanıt yoksa nazik hatırlatma maili	2026-10-13	Resortlar	Baros Maldives
2026-10-06	4. tur	Milaidhoo Maldives (VERSA)	Son kullanıcı – resort	welcome@milaidhoo.com	Attn: Engineering – solar and storage for Milaidhoo Maldives	Mail gönderildi	Yanıt yoksa nazik hatırlatma maili	2026-10-13	Resortlar	Milaidhoo Maldives
2026-10-06	4. tur	Kandolhu Maldives (VERSA)	Son kullanıcı – resort	info@kandolhu.com	Attn: Engineering – solar and storage for Kandolhu Maldives	Mail gönderildi	Yanıt yoksa nazik hatırlatma maili	2026-10-13	Resortlar	Kandolhu Maldives
2026-10-06	4. tur	Angsana Velavaru	Son kullanıcı – resort	reservations-velavaru@angsana.com	Attn: Engineering – solar and storage for Angsana Velavaru	Mail gönderildi	Yanıt yoksa nazik hatırlatma maili	2026-10-13	Resortlar	Angsana Velavaru
2026-10-06	4. tur	Club Med Kani & Finolhu Villas	Son kullanıcı – resort	contactus.asia@clubmed.com	Attn: Engineering – solar and storage for Club Med Kani and Finolhu Villas	Mail gönderildi	Yanıt yoksa nazik hatırlatma maili	2026-10-13	Resortlar	Club Med Kani
2026-10-06	4. tur	Centara Maldives (Ras Fushi, Machchafushi, Mirage Lagoon)	Son kullanıcı – resort	crf@chr.co.th	Attn: Engineering – solar and storage for Centara Maldives	Mail gönderildi	Yanıt yoksa nazik hatırlatma maili	2026-10-13	Resortlar	Centara Ras Fushi
2026-10-06	4. tur	Fairmont Maldives Sirru Fen Fushi	Son kullanıcı – resort	reservations@sirrufenfushi.com	Attn: Engineering – solar and storage for Sirru Fen Fushi	Mail gönderildi	Yanıt yoksa nazik hatırlatma maili	2026-10-13	-	-
2026-10-06	4. tur	Lily Beach Resort & Spa	Son kullanıcı – resort	reservations@lilybeachmaldives.com	Attn: Engineering – solar and storage for Lily Beach Resort	Mail gönderildi	Yanıt yoksa nazik hatırlatma maili	2026-10-13	-	-
2026-10-06	4. tur	Radisson Blu Resort Maldives	Son kullanıcı – resort	info.maldives@radisson.com	Attn: Engineering – solar and storage for Radisson Blu Resort Maldives	Mail gönderildi	Yanıt yoksa nazik hatırlatma maili	2026-10-13	-	-
2026-10-06	4. tur	Pullman Maldives Maamutaa	Son kullanıcı – resort	H9924-re@accor.com	Attn: Engineering – solar and storage for Pullman Maldives Maamutaa	Mail gönderildi	Yanıt yoksa nazik hatırlatma maili	2026-10-13	-	-
2026-10-06	4. tur	Mercure Maldives Kooddoo	Son kullanıcı – resort	H9923@accor.com	Attn: Engineering – solar and storage for Mercure Maldives Kooddoo	Mail gönderildi	Yanıt yoksa nazik hatırlatma maili	2026-10-13	-	-
2026-10-06	4. tur	OUTRIGGER Maldives Maafushivaru	Son kullanıcı – resort	maldives.maafushivaru@outrigger.com	Attn: Engineering – solar and storage for OUTRIGGER Maldives Maafushivaru	Mail gönderildi	Yanıt yoksa nazik hatırlatma maili	2026-10-13	-	-
2026-10-06	4. tur	Hideaway Beach Resort & Spa	Son kullanıcı – resort	reservations@hideawaybeachmaldives.com	Attn: Engineering – solar and storage for Hideaway Beach Resort	Mail gönderildi	Yanıt yoksa nazik hatırlatma maili	2026-10-13	-	-
2026-10-06	4. tur	The Westin Maldives Miriandhoo	Son kullanıcı – resort	mlewi.reservation@westinhotels.com	Attn: Engineering – solar and storage for The Westin Maldives Miriandhoo	Mail gönderildi	Yanıt yoksa nazik hatırlatma maili	2026-10-13	-	-
2026-10-06	4. tur	JW Marriott Maldives Resort & Spa	Son kullanıcı – resort	jwmaldivesreservations@marriott.com	Attn: Engineering – solar and storage for JW Marriott Maldives	Mail gönderildi	Yanıt yoksa nazik hatırlatma maili	2026-10-13	-	-
2026-10-06	4. tur	Jumeirah Maldives Olhahali Island	Son kullanıcı – resort	reservations@jumeirah.com	Attn: Engineering – solar and storage for Jumeirah Maldives Olhahali Island	Mail gönderildi	Yanıt yoksa nazik hatırlatma maili	2026-10-13	-	-
